sender_id,sender_name,sender_logo
ACBLBK,ABHYUDAYA CO OP BANK LTD,
ACBLHO,ARIHANT COOP BANK LTD,
ACCBNK,THE ANANTNAG CENTRAL COOPERATIVE BANK LTD,
ACEPLC,STATE BANK OF INDIA,sbi_logo
ADARSH,THE ADARSH CO OPERATIVE URBAN BANK LTD,
ADBCCB,THE ADILABAD DISTRICT COOPERATIVE CENTRAL BANK LTD. ADILABAD,
ADHBNK,THE ADARSH CO OPERATIVE URBAN BANK LTD,
ADINBK,Shri Adinath Co Op bank Ltd. Ichalkaranji,
ADRBNK,ADARSH COOPERATIVE BANK LTD,
AEITSM,American Express Banking Corp.,amex_logo
AGMITS,STATE BANK OF INDIA,sbi_logo
AGRABK,AGRA ZILA SAHKARI BANK LTD.,
AGVBNK,United Bank Of India,
AGVCBS,United Bank Of India,
AIRBNK,Airtel Payments Bank Limited,
AIRBSE,Airtel Payments Bank Limited,
AIRBSI,Airtel Payments Bank Limited,
AJUSBJ,DR APPASAHEB URF SA RE PATIL JAYSINGPURUDGAON SAH BANK LTD,
AKHAND,AKHAND ANAND CO OPERATIVE BANK LIMITED,
AKOLAB,THE AKOLA URBAN COOP BANK LTD,
ALBANK,Allahabad Bank,
ALMABK,ALMORA ZILA SAHKARI BANK LTD,
ALMORA,ALMORA ZILA SAHKARI BANK LTD,
ALVIBK,ALAVI CO OPERATIVE BANK LIMITED,
ALYBNK,THE ALWAYE URBAN COOPERATIVE BANK LTD,
AMBUJA,GUJARAT AMBUJA CO OPERATIVE BANK LTD,
AMCBNK,The Ahmedabad Mercantile Co Op Bank Ltd,
AMCOBK,The Ahmedabad Mercantile Co Op Bank Ltd,
AMEXBK,American Express Banking Corp.,amex_logo
AMEXBP,American Express Banking Corp.,amex_logo
AMEXBT,American Express Banking Corp.,amex_logo
AMEXEP,American Express Banking Corp.,amex_logo
AMEXIN,American Express Banking Corp.,amex_logo
AMEXSR,American Express Banking Corp.,amex_logo
ANDBNK,ANDHRA BANK,
ANSBNK,AMRELI NAGARIK SAHKARI BANK LTD,
APCBNK,Ambajogai Peoples Co Op Bank Ltd Ambajogai,
APGBBK,ANDHRA PRAGATHI GRAMEENA BANK,
APGBHO,ANDHRA PRAGATHI GRAMEENA BANK,
APGBIT,ANDHRA PRAGATHI GRAMEENA BANK,
APGBNK,ANDHRA PRAGATHI GRAMEENA BANK,
APGECM,ANDHRA PRAGATHI GRAMEENA BANK,
APGVBK,ANDHRA PRADESH GRAMEENA VIKAS BANK,
APHOAT,ANDHRA PRAGATHI GRAMEENA BANK,
APNABK,Apna Sahakari Bank Ltd,
APNAPR,Apna Sahakari Bank Ltd,
APNATR,Apna Sahakari Bank Ltd,
APRBBK,ARUNACHAL PRADESH RURAL BANK,
APRBHO,ARUNACHAL PRADESH RURAL BANK,
APSCOB,The Andhra Pradesh State Cooperative Bank Ltd,
APSSBN,ADARSHA PATTANA SOUHARDA SAHAKARI BANK NIYAMITA,
APXBNK,ARUNACHAL PRADESH CO OPERATIVE APEX BANK LIMITED,
ASBALT,Syndicate Bank,
ASBANK,THE ANNASAHEB SAVANT CO OPERATIVE URBAN BANK MAHAD LIMITED,
ASCBNK,Associate CoOperative Bank Ltd.,
ASSBNK,Associate CoOperative Bank Ltd.,
ASSOBK,Associate CoOperative Bank Ltd.,
ATMMON,STATE BANK OF INDIA,sbi_logo
ATMMVS,STATE BANK OF INDIA,sbi_logo
ATMSBI,STATE BANK OF INDIA,sbi_logo
ATMSMS,STATE BANK OF INDIA,sbi_logo
ATMTAD,STATE BANK OF INDIA,sbi_logo
ATPCCB,The Anantapur District Cooperative Central Bank Ltd.,
AUBANK,AU SMALL FINANCE BANK LIMITED,
AUBMSG,AU SMALL FINANCE BANK LIMITED,
AUBSMS,AU SMALL FINANCE BANK LIMITED,
AUCBNK,THE AKOLA URBAN COOP BANK LTD,
AUDOST,AU SMALL FINANCE BANK LIMITED,
AUITSM,AU SMALL FINANCE BANK LIMITED,
AXISB,AXIS BANK LIMITED,axis_logo
AXISBK,AXIS BANK LIMITED,axis_logo
AXISHR,AXIS BANK LIMITED,axis_logo
AXISIN,AXIS BANK LIMITED,axis_logo
AXISMR,AXIS BANK LIMITED,axis_logo
AXISPR,AXIS BANK LIMITED,axis_logo
AXISSR,AXIS BANK LIMITED,axis_logo
AXPOPS,American Express Banking Corp.,amex_logo
AXPVPN,American Express Banking Corp.,amex_logo
AXSFI,AXIS BANK LIMITED,axis_logo
AXSFIN,AXIS BANK LIMITED,axis_logo
AZPSSB,The Amravati Zillha Parishad Shikshak Sahkari Bank Limited Amravati,
BANKIT,BANKIT SERVICES PRIVATE LIMITED,
BASAVA,SHRI BASAVESHWAR SAHAKARI BANK NIYAMIT BAGALKOT,
BASBNK,Bajiraoappa Sahakari Bank Ltd.Ankalkhop,
BASODA,BASODA NAGRIK SAHKARI BANK LTD,
BCCBBK,THE BHUJ COMMERCIAL CO OPERATIVE BANK LTD,
BCOBBK,The Bhagyodaya Co Op Bank Ltd,
BCRBNK,THE BADAGARA CO OPERATIVE RURAL BANK LTD,
BCUBNK,THE BALUSSERY CO OPERATIVE URBAN BANK LTD,
BDCCBK,Belagavi District Central Cooperative Bank Ltd Belagavi,
BDNSMS,BANDHAN BANK LIMITED,
BEGUBK,The Begusarai Central Cooprative Bank Limited,
BETDBK,The National Central Cooperative Bank Ltd,
BGVBNK,United Bank Of India,
BGVCBS,United Bank Of India,
BHABHR,THE BHABHAR VIBHAG NAGRIK SAHAKARI BANK LTD,
BHAGNI,BHAGINI NIVEDITA SAHAKARI BANK LTD PUNE,
BHGINI,BHAGINI NIVEDITA SAHAKARI BANK LTD PUNE,
BHRDBK,THE BIHAR STATE COOPERATIVE BANK LTD.,
BHUBNK,BHILWARA URBAN COOPERATIVE BANK LTD,
BHUJBK,THE BHUJ COMMERCIAL CO OPERATIVE BANK LTD,
BKDENA,Dena Bank,
BKPNSB,POORNAWADI NAGRIK SAHAKARI BANK MARYADIT BEED,
BMCBBK,THE BANASKANTHA MERCANTILE CO OP BANK LTD,
BMCBNK,THE BANASKANTHA MERCANTILE CO OP BANK LTD,
BMSHAB,THE BHAGYALAKSHMI MAHILA SAHAKARI BANK LTD NANDED,
BMSNAN,THE BHAGYALAKSHMI MAHILA SAHAKARI BANK LTD NANDED,
BNDNBK,BANDHAN BANK LIMITED,
BNDNHL,BANDHAN BANK LIMITED,
BNKBCB,THE BHARAT CO OPERATIVE BANK LTD,
BNSBKL,BHAGINI NIVEDITA SAHAKARI BANK LTD PUNE,
BNSBL,BALASINOR NAGARIK SAHAKARI BANK LTD,
BNSBNK,SHREE BHAVNAGAR NAGRIK SAHAKARI BANK LTD.,
BOBBIZ,BANK OF BARODA,bob_logo
BOBBNK,BANK OF BARODA,bob_logo
BOBCMS,BANK OF BARODA,bob_logo
BOBCRM,BANK OF BARODA,bob_logo
BOBFRM,BANK OF BARODA,bob_logo
BOBMSG,BANK OF BARODA,bob_logo
BOBOTP,BANK OF BARODA,bob_logo
BOBRAJ,BANK OF BARODA,bob_logo
BOBSCE,BANK OF BARODA,bob_logo
BOBSCF,BANK OF BARODA,bob_logo
BOBSMS,BANK OF BARODA,bob_logo
BOBTRE,BANK OF BARODA,bob_logo
BOBTXN,BANK OF BARODA,bob_logo
BOBUPG,BANK OF BARODA,bob_logo
BOBUPI,BANK OF BARODA,bob_logo
BOIBAL,BANK OF INDIA,boi_logo
BOIIND,BANK OF INDIA,boi_logo
BOIINT,BANK OF INDIA,boi_logo
BOIJGB,BANK OF INDIA,boi_logo
BOILON,BANK OF INDIA,boi_logo
BOINJG,BANK OF INDIA,boi_logo
BOIREM,BANK OF INDIA,boi_logo
BOISAF,BANK OF INDIA,boi_logo
BOISME,BANK OF INDIA,boi_logo
BOIVKG,BANK OF INDIA,boi_logo
BOMSCT,BANK OF MAHARASHTRA SC ST & OBC EMPLOYEES ASSOCIATION PUNE,
BPMCTR,Syndicate Bank,
BRAMHA,BRAMHAPURI URBAN CO OP BANK LTD,
BRDSEC,Syndicate Bank,
BRIMPS,MUZAFFARNAGAR DISTRICT COOPERATIVE BANK LTD.,
BRKGBD,Baroda Rajasthan Kshetriya Gramin Bank,
BRKGBM,Baroda Rajasthan Kshetriya Gramin Bank,
BRKGBS,Baroda Rajasthan Kshetriya Gramin Bank,
BRKGBX,Baroda Rajasthan Kshetriya Gramin Bank,
BSBBMT,THE BARAMATI SAHAKARI BANK LTD,
BSBLBK,THE BARAMATI SAHAKARI BANK LTD,
BSBLTD,SHRI BASAVESHWAR SAHAKARI BANK NIYAMIT BAGALKOT,
BSCBNK,THE BIHAR STATE COOPERATIVE BANK LTD.,
BUCBBK,The Baghat Urban Cooperative Bank Ltd,
BUCBKL,BALOTRA URBAN CO OPERATIVE BANK LTD,
BUCBLB,BRAMHAPURI URBAN CO OP BANK LTD,
BUCBNK,THE BHANDARA URBAN CO OP BANK LIMITED,
BUCBRJ,BALOTRA URBAN CO OPERATIVE BANK LTD,
BULAND,ZILA SAHKARI BANK LTD BULANDSHAR,
BUPGBB,BARODA U P BANK,
BUPGBM,BARODA U P BANK,
BUPGBX,BARODA U P BANK,
BURBAN,BHILWARA URBAN COOPERATIVE BANK LTD,
BWRUCB,BEAWAR URBAN COOP BANK LTD,
BZRCMB,RANI CHANNAMMA MAHILA SAHAKARI BANK NIYAMIT BELAGAVI,
CAANBK,Canara Bank,canara_logo
CANBNK,Canara Bank,canara_logo
CANMNY,Canara Bank Securities Limited,canara_logo
CANRRB,Canara Bank,canara_logo
CANRWD,Canara Bank,canara_logo
CBGUNA,Jila Sahakari Kendriya Bank Maryadit. Guna,
CBIOTP,Central Bank of India,
CBREWA,Jila Sahakari Kendriya Bank Maryadit Rewa,
CBSKUB,the koylanchal urban cooperative bank ltd,
CBSLTD,Canara Bank Securities Limited,canara_logo
CBSSBI,STATE BANK OF INDIA,sbi_logo
CBSTGB,TELANGANA GRAMEENA BANK,
CCBANK,CHENNAI CENTRAL CO OPERATIVE BANK LTD,
CCBBTL,JILA SAHAKARI KENDRIYA BANK MARYADIT BETUL,
CCBCHW,Jila Sahakari Kendriya Maryadit Bank CHHINDWARA,
CCBDTA,Jila Sahakari Kendriya Bank Maryadit. Datia,
CCBDWS,JILA SAHAKARI KENDRIYA BANK MARYADIT DEWAS,
CCBFAZ,THE FAZILKA CENTRAL COOPERATIVE BANK LTD,
CCBGUR,The Gurdaspur Central Cooperative Bank Ltd.,
CCBGWL,Jila Sahakari Kendriya Bank Maryadit Gwalior,
CCBJBK,THE CITIZENS COOPERATIVE BANK LTD JAMMU,
CCBJMU,THE CITIZENS COOPERATIVE BANK LTD JAMMU,
CCBKGN,Jila Sahakari Kendriya maryadit bank Khargone,
CCBKNW,JILA SAHAKARI KENDRIYA BANK MARYADIT KHANDWA,
CCBLTD,CONTAI COOPERATIVE BANK LIMITED,
CCBMOR,Jila Sahakari kendriya Maryadit bank MORENA,
CCBRJG,Jila Saharkari Kendriya Maryadit Bank RAJGARH,
CCBROP,The Ropar Central Cooperative Bank Ltd.,
CCBSAS,The SAS Nagar Central Cooperative Bank Ltd,
CCBSDH,Jila Sahakari Kendriya Bank Maryadit Sidhi,
CCBSGR,Jila Sahakari Kendriya Maryadit Bank SAGAR,
CCBSHR,JILA SAHAKARI KENDRIYA BANK MARYADIT SEHORE,
CCBSNI,JILA SAHAKARI KENDRIYA BANK MARYADIT SEONI,
CCBSTN,Jila Sahakari Kendriya Bank Maryadit Satna,
CCBSVP,JILA SHAHKARI KENDRIYA BANK MARYADIT SHIVPURI,
CCBTKG,JILA SAHAKARI KENDRIYA BANK MARYADIT TIKAMGARH,
CCCDEL,STATE BANK OF INDIA,sbi_logo
CCHRIR,STATE BANK OF INDIA,sbi_logo
CCOBNK,Citizens Co Operative Bank Ltd,
CCONLN,STATE BANK OF INDIA,sbi_logo
CCPCAH,STATE BANK OF INDIA,sbi_logo
CCPCCN,STATE BANK OF INDIA,sbi_logo
CCRSBI,STATE BANK OF INDIA,sbi_logo
CDSAFE,MUZAFFARNAGAR DISTRICT COOPERATIVE BANK LTD.,
CENTBK,Central Bank of India,
CFOBAN,STATE BANK OF INDIA,sbi_logo
CGAPBK,CHHATTISGARH STATE COOPERATIVE BANK,
CGBBBK,CHHATTISGARH RAJYA GRAMIN BANK,
CGGBNK,CHAITANYA GODAVARI GRAMEENA BANK,
CHADCC,CHAMOLI ZILA SAHKARI BANK LTD.,
CHAMBK,CHAMOLI ZILA SAHKARI BANK LTD.,
CHAMCO,THE CHANDWAD MERCHANTS CO.OP. BANK LTD.,
CHDSBK,The Chandigarh State Cooperative bank Ltd,
CHHIBK,Jila Sahakari Kendriya Maryadit Bank CHHINDWARA,
CHOINS,CANARA HSBC ORIENTAL BANK OF COMMERCE LIFE INSURANCE COMPANY LIMITED,
CHSBNK,THE CHITNAVISPURA SAHAKARI BANK LTD,
CHSCBK,CHOMBAL SERVICE CO OPERATIVE BANK,
CHVRBK,CHEVAYUR SERVICE CO OPERATIVE BANK,
CIRALT,Syndicate Bank,
CITI,Citi Bank,citi_logo
CITIBA,Citi Bank,citi_logo
CITIBK,Citi Bank,citi_logo
CITIBN,Citi Bank,citi_logo
CITYBK,THE GODHRA CITY CO OPERATIVE BANK LIMITED,
CLABBK,COASTAL LOCAL AREA BANK LTD.,
CMPHYD,STATE BANK OF INDIA,sbi_logo
CMSRBI,Reserve Bank of India,
CNBANK,SHREE CHHANI NAGRIK SAHAKARI BANK LTD,
CNSBLH,THE CHARADA NAGRIK SAHAKARI BANK LTD,
CNSBNK,THE CHANASMA NAGRIK SAHAKARI BANK LTD,
COCBNG,THE COMPTROLLERS OFFICE COOPERATIVE BANK LTD,
COMCBL,COMMERCIAL CO OP BANK LTD,
CORPBK,Corporation Bank,
COSTAL,COASTAL LOCAL AREA BANK LTD.,
COVIGL,Syndicate Bank,
CPCBBK,THE CHOPDA PEOPLES CO.OP. BANK LTD,
CRGBAD,CHHATTISGARH RAJYA GRAMIN BANK,
CSBANK,CHARTERED SAHAKARI BANK NIYAMITHA,
CSBBNK,CSB Bank Limited,
CSBN,CHARTERED SAHAKARI BANK NIYAMITHA,
CSBNKN,CHARTERED SAHAKARI BANK NIYAMITHA,
CSCBNK,chorode service co operative bank,
CSDSBI,STATE BANK OF INDIA,sbi_logo
CSFBNK,Capital Small Finance Bank Limited,
CTDSBI,STATE BANK OF INDIA,sbi_logo
CTMUGM,STATE BANK OF INDIA,sbi_logo
CTRCCB,THE CHITTOOR DISTRICT COOPERATIVE CENTRAL BANK LTD,
CTZENS,Citizens Co Operative Bank Ltd,
CUBANK,City Union Bank,cub_logo
CUBFST,City Union Bank,cub_logo
CUBLTD,City Union Bank,cub_logo
CUBOTP,City Union Bank,cub_logo
CUBSMS,City Union Bank,cub_logo
CUBUPI,City Union Bank,cub_logo
CUCBNK,Citizens Urban Cooperative Bank Ltd,
CVELUC,STATE BANK OF INDIA,sbi_logo
DACBNK,Dr. Annasaheb chougule Urban co op bank Ltd,
DAHODB,THE DAHOD URBAN COOP BANK LTD,
DBALRT,DEUTSCHE BANK AG,
DBKTNM,THE TIRUVANNAMALAI DT. CENTRAL CO.OP BANK LTD,
DBPSBI,STATE BANK OF INDIA,sbi_logo
DBSBNK,DBS BANK INDIA LIMITED,
DCBANK,DCB Bank Limited,
DCBBNK,DCB Bank Limited,
DCBDCB,DCB Bank Limited,
DCBGZB,ZILA SAHKARI BANK LTD GHAZIABAD,
DCBMBD,MORADABAD ZILA SAHKARI BANK LTD,
DCBMDL,JILA SAHAKARI KENDRIYA BANK MARYADIT MANDLA,
DCBMRT,zila sahkari bank ltd. meerut,
DCCBKC,THE KOLAR DISTRICT COOPERATIVE CENTRAL BANK LTD KOLAR,
DCCBLK,THE DISTRICT COOPERATIVE CENTRAL BANK LTD KHAMMAM,
DCCBLN,The Nalgonda Dist Cooperative Central Bank Ltd,
DCGBBK,TELANGANA GRAMEENA BANK,
DDCCBK,DHARMAPURI DCC BANK LIMITED,
DEEBNK,DEENDAYAL NAGARI SAHAKARI BANK LTD AMBAJOGAI,
DEENBK,DEENDAYAL NAGARI SAHAKARI BANK LTD AMBAJOGAI,
DENABK,Dena Bank,
DEOBNK,Deogiri Nagari Sahakari Bank Ltd.Aurangabad,
DEUTBK,DEUTSCHE BANK AG,
DGBSMS,DAKSHIN BIHAR GRAMIN BANK,
DGGBNK,Dena Bank,
DGLCBK,D C C BANK LIMITED,
DGMGZB,Syndicate Bank,
DGMGZD,Syndicate Bank,
DGMRBD,Syndicate Bank,
DGTBNK,STATE BANK OF INDIA,sbi_logo
DHANBK,Dhanlaxmi Bank Ltd,
DHARBK,Jila Sahakari kendriya bank Maryadit DHAR,
DHARCB,Jila Sahakari kendriya bank Maryadit DHAR,
DHARMA,THE DHARMAJ PEOPLES COOPERATIVE BANK LIMITED,
DHRTBK,SHREE DHARATI CO OP BANK LTD,
DITATM,Syndicate Bank,
DITHLP,Syndicate Bank,
DMCBKL,The Deccan Merchants Co.Op Bank Ltd,
DMCBNK,The Dahod Mercantile Co Op Bank Ltd,
DMCDHD,The Dahod Mercantile Co Op Bank Ltd,
DMNSBK,DWARKADAS MANTRI NAGKRI SAHAKARI BANK LTD BEED,
DMSALT,Syndicate Bank,
DNSBNK,DEENDAYAL NAGARI SAHAKARI BANK LTD AMBAJOGAI,
DOHABK,DOHA BANK QPSC INDIA BRANCHES,
DOMBNK,Dombivli Nagri Sahakari Bank Limited,
DPCSDX,HDFC BANK LIMITED,hdfc_logo
DSBANK,DHARMAVIR SAMBHAJI URBAN CO OP BANK LIMITED,
DSUCBK,DHARMAVIR SAMBHAJI URBAN CO OP BANK LIMITED,
DUBANK,THE DAHOD URBAN COOP BANK LTD,
DUCBDA,DAUSA URBAN COOPERATIVE BANK LIMITED,
DUCOBK,DEVIKA URBAN COOPERATIVE BANK LTD,
DUNDCB,District Cooperative Bank Ltd Dehradun,
DUNICA,STATE BANK OF INDIA,sbi_logo
DURGBK,jila Sahakari Kendriya Bank Durg,
EASFBT,ESAF SMALL FINANCE BANK LIMITED,
EBTALT,HDFC BANK LIMITED,hdfc_logo
ECOMPW,MUZAFFARNAGAR DISTRICT COOPERATIVE BANK LTD.,
EDBANK,ELLAQUAI DEHATI BANK,
EDSADM,STATE BANK OF INDIA,sbi_logo
EMLOTP,Syndicate Bank,
EQBANK,EQUITAS SMALL FINANCE BANK LIMITED,
EQUTAS,EQUITAS SMALL FINANCE BANK LIMITED,
EQUTAT,EQUITAS SMALL FINANCE BANK LIMITED,
EQUTAX,EQUITAS SMALL FINANCE BANK LIMITED,
ESAFIT,ESAF SMALL FINANCE BANK LIMITED,
ESAFOT,ESAF SMALL FINANCE BANK LIMITED,
ESAFPB,ESAF SMALL FINANCE BANK LIMITED,
ESAFPR,ESAF SMALL FINANCE BANK LIMITED,
ESAFSF,ESAF SMALL FINANCE BANK LIMITED,
ESAFTR,ESAF SMALL FINANCE BANK LIMITED,
ESFUAT,ESAF SMALL FINANCE BANK LIMITED,
EXCLCK,American Express Banking Corp.,amex_logo
EXIMBK,EXPORT IMPORT BANK OF INDIA,
FASTDV,RBL BANK LIMITED,rbl_logo
FCHRGE,AXIS BANK LIMITED,axis_logo
FDBOTP,FEDBANK FINANCIAL SERVICES LIMITED,
FEDADV,FEDERAL BANK,federal_logo
FEDBNK,FEDERAL BANK,federal_logo
FEDFIN,FEDBANK FINANCIAL SERVICES LIMITED,
FEDOTP,FEDERAL BANK,federal_logo
FGMCHN,Syndicate Bank,
FGMMUM,Syndicate Bank,
FGUCBK,FINGROWTH COOPERATIVE BANK LTD.,
FIDSBI,STATE BANK OF INDIA,sbi_logo
FINOBK,FINO PAYMENTS BANK LIMITED,
FINOHR,FINO PAYMENTS BANK LIMITED,
FINOIN,FINO PAYMENTS BANK LIMITED,
FINOPB,FINO PAYMENTS BANK LIMITED,
FMCLUC,STATE BANK OF INDIA,sbi_logo
FNCARE,FINCARE SMALL FINANCE BANK LIMITED,
FNGWBK,FINGROWTH COOPERATIVE BANK LTD.,
FROMSC,STANDARD CHARTERED BANK,stanchart_logo
FSLOCT,STATE BANK OF INDIA,sbi_logo
FZKCCB,THE FAZILKA CENTRAL COOPERATIVE BANK LTD,
GARHBK,ZILA SAHKARI BANK LTD.GARHWAL(KOTDWAR),
GBCBBK,THE GREATER BOMBAY CO OPERATIVE BANK LIMITED,
GBCBBN,THE GREATER BOMBAY CO OPERATIVE BANK LIMITED,
GCBBNK,GULSHAN MERCANTILE URBAN COOP BANK LTD,
GCCSBI,STATE BANK OF INDIA,sbi_logo
GDVBNK,THE GUDIVADA COOP URBAN BANK LTD,
GMCCDC,Syndicate Bank,
GMPERS,Syndicate Bank,
GMSMAD,Syndicate Bank,
GNDDCC,GONDIA DIST CENTRAL COOP BANK LTD,
GNSBKL,GONDAL NAGRIK SAHAKARI BANK LIMITED,
GNSBLT,THE GOZARIA NAGRIK SAHAKARI BANK LTD,
GPPJSB,Gopinath Patil Parsik Janata Sahakari Bank,
GPPSBL,Gopinath Patil Parsik Janata Sahakari Bank,
GRAMEN,J&K Grameen Bank,
GRBANK,SHRI. GOVARDHANSINGHJI RAGHUVANSHI SAH. BANK LTD,
GRCSBG,STATE BANK OF INDIA,sbi_logo
GRCSBI,STATE BANK OF INDIA,sbi_logo
GSBANK,GAUTAM SAHAKARI BANK LTD,
GSCBBK,THE GUJARAT STATE CO OPERATIVE BANK LTD,
GSCBNK,THE GUJARAT STATE CO OPERATIVE BANK LTD,
GSCLOC,STATE BANK OF INDIA,sbi_logo
GSSBNK,Guardian Souharda Sahakari Bank Niyamita,
GTRCCB,The Guntur District Co Operative Central Bank Ltd.,
GUBANK,THE GODHRA URBAN CO OPERATIVE BANK LTD,
GUBNKO,The Goa Urban Coop Bank Ltd,
GUCBNK,The Goa Urban Coop Bank Ltd,
GUCBSI,THE GANDHINAGAR URBAN CO OP BANK LTD,
GUCBSR,THE GANDHINAGAR URBAN CO OP BANK LTD,
GUCBTR,THE GANDHINAGAR URBAN CO OP BANK LTD,
GUJAMB,GUJARAT AMBUJA CO OPERATIVE BANK LTD,
GVNSBL,GHOGHAMBA VIBHAG NAGLIK SAHAKARI BANK LIMITED,
HARCOB,THE HARYANA STATE COOPERATIVE APEX BANK LTD.,
HARDBK,ZILA SAHAKARI BANK LIMITED HARDWAR,
HARIDC,ZILA SAHAKARI BANK LIMITED HARDWAR,
HASTIB,THE HASTI COOP BANK LTD,
HDCCBK,HAMIRPUR DISTRICT COOPERATIVE BANK LTD,
HDFCAL,HDFC BANK LIMITED,hdfc_logo
HDFCBA,HDFC BANK LIMITED,hdfc_logo
HDFCBK,HDFC BANK LIMITED,hdfc_logo
HDFCBN,HDFC BANK LIMITED,hdfc_logo
HDFCCC,HDFC BANK LIMITED,hdfc_logo
HDFCDC,HDFC BANK LIMITED,hdfc_logo
HDFCFD,HDFC BANK LIMITED,hdfc_logo
HDFCGC,HDFC BANK LIMITED,hdfc_logo
HDFCHI,HDFC BANK LIMITED,hdfc_logo
HDFCHL,HDFC BANK LIMITED,hdfc_logo
HDFCIT,HDFC BANK LIMITED,hdfc_logo
HDFCLI,HDFC BANK LIMITED,hdfc_logo
HDFCPL,HDFC BANK LIMITED,hdfc_logo
HDFCRD,HDFC BANK LIMITED,hdfc_logo
HDFCSD,HDFC BANK LIMITED,hdfc_logo
HDFCSE,HDFC BANK LIMITED,hdfc_logo
HDFCUN,HDFC BANK LIMITED,hdfc_logo
HDFSET,HDFC BANK LIMITED,hdfc_logo
HDFTST,HDFC BANK LIMITED,hdfc_logo
HMCBNK,THE HALOL MERCANTILE CO OP BANK LTD,
HNSBLH,THE HANSOT NAGRIK SAHAKARI BANK LIMITED,
HNSBNK,HIMATNAGAR NAGRIK SAHAKARI BANK LIMITED,
HOCPPC,Syndicate Bank,
HOHRMS,Syndicate Bank,
HORRMD,ANDHRA PRAGATHI GRAMEENA BANK,
HOSRDD,Syndicate Bank,
HPGSMS,HIMACHAL PRADESH GRAMIN BANK,
HPSBNK,H.P. STATE COOPERATIVE BANK LTD.,
HRHDFC,HDFC BANK LIMITED,hdfc_logo
HRMSCC,STATE BANK OF INDIA,sbi_logo
HSBANK,HUTATMA SAHAKARI BANK LTD WALWA,
HSBCBK,The Hongkong & Shanghai Banking Corporation Limited,hsbc_logo
HSBCEX,The Hongkong & Shanghai Banking Corporation Limited,hsbc_logo
HSBCIM,The Hongkong & Shanghai Banking Corporation Limited,hsbc_logo
HSBCIN,The Hongkong & Shanghai Banking Corporation Limited,hsbc_logo
HSBLBK,HUTATMA SAHAKARI BANK LTD WALWA,
HSBNKW,HUTATMA SAHAKARI BANK LTD WALWA,
HUCBNK,THE HONAVAR URBAN CO OPERATIVE BANK LIMITED,
HYDCCB,The Hyderabad District Cooperative Central Bank Limited,
IAPPRV,STATE BANK OF INDIA,sbi_logo
ICBANK,ICICI BANK LIMITED,icici_logo
ICIBNK,ICICI BANK LIMITED,icici_logo
ICICBK,ICICI BANK LIMITED,icici_logo
ICICIB,ICICI BANK LIMITED,icici_logo
ICICIH,ICICI BANK LIMITED,icici_logo
ICICIK,ICICI BANK LIMITED,icici_logo
ICICIL,ICICI BANK LIMITED,icici_logo
ICICTC,ICICI BANK LIMITED,icici_logo
ICIEMP,ICICI BANK LIMITED,icici_logo
ICIOTP,ICICI BANK LIMITED,icici_logo
ICMTRG,STATE BANK OF INDIA,sbi_logo
IDBIBK,IDBI BANK LIMITED,
IDBIDL,IDBI BANK LIMITED,
IDFCBK,IDFC FIRST BANK LIMITED,idfc_logo
IDFCCM,IDFC FIRST BANK LIMITED,idfc_logo
IDFCFB,IDFC FIRST BANK LIMITED,idfc_logo
IDFCFZ,IDFC FIRST BANK LIMITED,idfc_logo
IDFCIT,IDFC FIRST BANK LIMITED,idfc_logo
IDFCTS,IDFC FIRST BANK LIMITED,idfc_logo
IDFCZ,IDFC FIRST BANK LIMITED,idfc_logo
IDFSIT,IDFC FIRST BANK LIMITED,idfc_logo
IDRNSB,THE IDAR NAGRIK SAHAKARI BANK LTD.,
IDRSNB,THE IDAR NAGRIK SAHAKARI BANK LTD.,
IMAHYD,STATE BANK OF INDIA,sbi_logo
IMCOBK,The Ichalkaranji Merchants Co Op Bank Limited,
IMSBNK,Indira Mahila Sahakari Bank Ltd,
INBUPI,Indian Bank,
INDBNK,Indian Bank,
INDUSA,INDUSIND BANK LIMITED,
INDUSB,INDUSIND BANK LIMITED,
INDUSO,INDUSIND BANK LIMITED,
INTBNK,INTEGRAL URBAN CO OPERATIVE BANK,
IOBANK,INDIAN OVERSEAS BANK,iob_logo
IOBATM,INDIAN OVERSEAS BANK,iob_logo
IOBBNK,INDIAN OVERSEAS BANK,iob_logo
IOBBQR,INDIAN OVERSEAS BANK,iob_logo
IOBCHN,INDIAN OVERSEAS BANK,iob_logo
IOBHRD,INDIAN OVERSEAS BANK,iob_logo
IOBJLS,INDIAN OVERSEAS BANK,iob_logo
IOBMKT,INDIAN OVERSEAS BANK,iob_logo
IOBOTP,INDIAN OVERSEAS BANK,iob_logo
IPBCOM,India Post Payments Bank Ltd,
IPBKYC,India Post Payments Bank Ltd,
IPBMSG,India Post Payments Bank Ltd,
IPBOFR,India Post Payments Bank Ltd,
IPBOTP,India Post Payments Bank Ltd,
IPBSEC,India Post Payments Bank Ltd,
IPCBBK,Indore Premier Cooperative Bank,
IPCBNK,Indore Premier Cooperative Bank,
IPSBNK,Indore Paraspar Sahakari Bank Limited,
IPSHOI,Indore Paraspar Sahakari Bank Limited,
IPSHOT,Indore Paraspar Sahakari Bank Limited,
ISBANK,INDRAPRASTHA SEHKARI BANK LTD,
ISDSBI,STATE BANK OF INDIA,sbi_logo
ISECLD,ICICI BANK LIMITED,icici_logo
ISRVCE,ICICI BANK LIMITED,icici_logo
ITCBBK,IRINJALAKUDA TOWN CO OPERATIVE BANK LTD,
ITCBNK,IRINJALAKUDA TOWN CO OPERATIVE BANK LTD,
ITCOMP,STATE BANK OF INDIA,sbi_logo
ITRISK,STATE BANK OF INDIA,sbi_logo
ITRSNC,STATE BANK OF INDIA,sbi_logo
ITSDEL,STATE BANK OF INDIA,sbi_logo
ITSLHO,STATE BANK OF INDIA,sbi_logo
JALAUN,JALAUN DISTRICT COOPERTIVE BANK LTD. ORAI,
JALORE,JALORE NAGRIK SAHAKARI BANK LTD,
JANABK,JANA SMALL FINANCE BANK LTD,
JANATR,JANA SMALL FINANCE BANK LTD,
JANATX,JANA SMALL FINANCE BANK LTD,
JANSVA,Janaseva Sahakari Bank Ltd Hadapsar Pune,
JANTHA,JANATHA SEVA CO OPERATIVE BANK LTD,
JAOLIB,Dattatrya Maharaj KalambeJaoli Sahakari Bank Limited,
JCBANK,THE JANTA CO OP BANK LTD,
JCCB,Jogindra Central Cooperative Bank Ltd. Solan,
JCCBNK,Jivan Commercial Co Operative Bank Ltd,
JCOMBK,Jivan Commercial Co Operative Bank Ltd,
JGRAMN,J&K Grameen Bank,
JIVAJI,Jivaji Sahakari Bank Ltd. Ichalkaranji,
JJSBNK,JALGAON JANATA SAHKARI BANK LTD JALGAON,
JKBANK,THE JAMMU AND KASHMIR BANK LIMITED,
JKBFSL,JK Bank Financial Services Limited,
JKCARD,THE JAMMU AND KASHMIR BANK LIMITED,
JKGRAM,J&K Grameen Bank,
JKGRMN,J&K Grameen Bank,
JKGRNB,J&K Grameen Bank,
JKSBLM,JANAKALYAN SAHAKARI BANK LTD,
JLRNSB,JALORE NAGRIK SAHAKARI BANK LTD,
JMCBNK,JALNA MERCHANTS CO OP BANK LTD. JALNA,
JMSBLP,JIJAMATA MAHILA SAHAKARI BANK LTD,
JMSBNK,JIJAMATA MAHILA SAHAKARI BANK LTD,
JNJCBL,Janaseva Co operative Bank LTd Nashik,
JNSBBM,JHALAWAR NAGRIK SAHAKARI BANK LIMITED,
JNSBJU,JODHPUR NAGRIK SAHKARI BANK LIMITED,
JNSBKL,JODHPUR NAGRIK SAHKARI BANK LIMITED,
JNSEVA,JANASEVA SAHAKARI BANK BORIVLI LIMITED,
JPCBNK,THE JALGAON PEOPLES COOPERATIVE BANK LTD. JALGAON,
JPNBNK,Jaiprakash Narayan Nagri Sahakari Bank Ltd.,
JRGBNK,Jharkhand Rajya Gramin Bank,
JSBANK,Janata Sahakari Bank Ltd. Kurduwadi,
JSBGON,Janata Sahakari Bank Ltd. Gondia,
JSBLBK,Janata Sahakari Bank ltd.Amravati,
JSBLHG,Shri Janata Sahakari Bank LTD,
JSBLHO,Janata Sahakari Bank Ltd. Gondia,
JSBLPN,JANATA SAHAKARI BANK LTD. PUNE,
JSBRYP,JILA SAHKARI KENDRIYA MARYADIT BANK RAIPUR,
JSCBKL,JANATHA SEVA CO OPERATIVE BANK LTD,
JSKABK,JILA SAHAKARI KENDRIYA BANK MARYADIT AMBIKAPUR,
JSKBBG,Jila Sahakari Kendriya Bank Maryadit balaghat,
JSKBBK,Jila Sahakari Kendriya Bank Maryadit Rajnandgaon,
JSKBCP,JILA SAHAKARI KENDRIYA BANK MARYADIT CHHATARPUR,
JSKBDA,Jila Sahakari Kendriya Bank Maryadit Damoh,
JSKBHB,Jila Sahakari Kendriya maryadit Bank HOSHANGABAD,
JSKBJH,Jila Sahakari kendriya Marydit Bank JHAHUA,
JSKBJP,JILA SAHAKARI KENDRIYA BANK MARYADIT JABALPUR,
JSKBMS,JILA SAHAKARI KENDRIYA BANK MARYADIT MANDSAUR,
JSKBNP,Jila Sahakari Kenriya Maryadit Bank NARSINGHPUR,
JSKBRS,Jila Sahakari Kendriya Bank Maryadit Raisen,
JSKBRT,JILA SAHAKARI KENDRIYA BANK MARYADIT RATLAM,
JSKBSD,JILASAHAKARI KENDRIYA BANK MARYADIT SHAHDOL,
JSKBSJ,Jila Sahakari Kendriya Bank Maryadit Shajapur,
JSKBUJ,Jila Sahakari Kendriya Bank Maryadit Ujjain,
JSKBVI,Jila Sahakari Kendriya Maryadit bank VIDISHA,
JSKJBK,JILA SAHAKARI KENDRIYA BANK MARYADIT JAGDALPUR,
JUCBNK,JANKALYAN URBAN CO OP BANK LTD KALLAM,
JUSBNK,DR APPASAHEB URF SA RE PATIL JAYSINGPURUDGAON SAH BANK LTD,
KAGBNK,KARNATAKA GRAMIN BANK,
KAIJSB,KALLAPPANNA AWADE ICHALKARANJI JANATA SAHAKARI BANK LTD.ICHALKARANJI,
KARBNK,The KARNATAKA BANK LIMITED,
KBANKT,Kotak Mahindra Bank Ltd,kotak_logo
KBLBNK,The KARNATAKA BANK LIMITED,
KBSBBK,KRISHNA BHIMA SAMRUDHI LOCAL AREA BANK,
KBSBNK,KRISHNA BHIMA SAMRUDHI LOCAL AREA BANK,
KCBANK,The Kalupur commercial cooperative Bank Ltd.,
KCCBNK,The kangra Central Cooperative bank Ltd,
KCCBPS,The kangra Central Cooperative bank Ltd,
KCCDWD,THE KARNATAKA CENTRAL CO OPERATIVE BANK LTD,
KCDCCB,THE KOLAR DISTRICT COOPERATIVE CENTRAL BANK LTD KOLAR,
KCMEET,The Kalupur commercial cooperative Bank Ltd.,
KCMSGS,The Kalupur commercial cooperative Bank Ltd.,
KCOBBK,THE KARNAVATI CO OP BANK LTD,
KCRBNK,Kakkattil Co Operative Rural Bank,
KCUBNK,THE KRANTHI COOPERATIVE URBAN BANK LTD,
KDCBAK,The Kaira District Central Co Operative Bank Ltd,
KDCCBK,THE KANYAKUMARI DISTRICT CENTRAL COOPERATIVE BANK,
KDCCBL,KOLHAPUR DISTRICT CENTRAL CO OP BANK LTD,
KDGCCB,THE KODAGU DISTRICT COOPERATIVE CENTRAL BANK LTD,
KDPCCB,"THE KADAPA DISTRICT COOPERATIVE CENTRAL BANK LTD.,",
KEBANK,The Kalupur commercial cooperative Bank Ltd.,
KGBANK,KERALA GRAMIN BANK,
KHEDAB,THE KHEDA PEOPLES CO OP BANKLTD,
KHLADM,STATE BANK OF INDIA,sbi_logo
KKDCCB,THE DISTRICT COOPERATIVE CENTRAL BANK LTD KAKINADA,
KMBCBL,THE KOSAMBA MERCANTILE CO OP BANK LTD,
KMCBK,Kokan Mercantile Co Operative Bank Ltd,
KMCBLT,"KRISHNA MERCANTILE COOPERATIVE BANK LTD, BHOPAL",
KMCBNK,THE KUTCH MERCANTILE CO OP BANK LTD,
KMNBNK,KANKARIA MANINAGAR NAGRIK SAHAKARI BANK LIMITED,
KNBOTP,Shree Kadi Nagarik Sahakri Bank Ltd,
KNSBBK,THE KHAMBHAT NAGARIK SAHAKARI BANK LTD,
KNSBKL,THE KALOL NAGARIK SAHAKARI BANK LTD,
KNSBKN,KURMANCHAL NAGAR SAHKARI BANK LTD,
KNSBLK,THE KODINAR NAGRIK SAHAKARI BANK LTD,
KNSBNK,THE KUKARWADA NAGARIK SAHAKARI BANK LTD,
KOTABK,KOTA NAGRIK SAHKARI BANK LTD,
KOTAKB,Kotak Mahindra Bank Ltd,kotak_logo
KOTAKP,Kotak Mahindra Bank Ltd,kotak_logo
KOTSBN,koteshwarasahakaribankniyamitha,
KOYANA,Koyana Sahakari Bank Ltd Karad,
KPCOBL,THE KHEDA PEOPLES CO OP BANKLTD,
KPMCCB,KANCHEEPURAM CENTRAL COOP BANK,
KRICCB,The Krishna District Cooperative central bank ltd.,
KRNBNK,The KARNATAKA BANK LIMITED,
KRNDBK,The Karnal Central Cooperative Bank Ltd,
KRTBNK,The KARNATAKA BANK LIMITED,
KRUSHI,KRISHISEVA URBAN CO OPERATIVE BANK LTD,
KSBLBK,Kohinoor Sahakari Bank Ltd.Ichalkaranji,
KTCCBL,THE KALNA TOWN CREDIT COOPERATIVE BANK LTD.,
KTKBNK,The KARNATAKA BANK LIMITED,
KTKREM,Kotak Mahindra Bank Ltd,kotak_logo
KTWBNK,ZILA SAHKARI BANK LTD.GARHWAL(KOTDWAR),
KUBANK,KEDARNATH URBAN CO OP BANK LTD,
KUBOTP,The Karad Urban Cooperative Bank Limited,
KUBPRO,The Karad Urban Cooperative Bank Limited,
KUBSMS,The Karad Urban Cooperative Bank Limited,
KUBTRN,The Karad Urban Cooperative Bank Limited,
KUCBBK,KASHIPUR URBAN COOPERATIVE BANK LTD,
KUCBNK,The Kolhapur Urban Cooperative Bank Limited,
KUCBOT,The Karad Urban Cooperative Bank Limited,
KUCBTR,The Karad Urban Cooperative Bank Limited,
KUNSBB,KURMANCHAL NAGAR SAHKARI BANK LTD,
KUNSUB,KURMANCHAL NAGAR SAHKARI BANK LTD,
KVBANK,The Karur Vysya Bank Limited,kvb_logo
KVBOTP,The Karur Vysya Bank Limited,kvb_logo
KVBUPI,The Karur Vysya Bank Limited,kvb_logo
KVGBBK,karnataka vikas grameena bank,
KVGBNK,karnataka vikas grameena bank,
KVGECM,karnataka vikas grameena bank,
LALABK,LALA URBAN BANK LTD,
LAXBNK,The Laxmi Co Op bank Limited,
LCTSCS,STATE BANK OF INDIA,sbi_logo
LDMFBD,Syndicate Bank,
LHOABU,STATE BANK OF INDIA,sbi_logo
LHOBAN,STATE BANK OF INDIA,sbi_logo
LHOGMI,STATE BANK OF INDIA,sbi_logo
LHOKOL,STATE BANK OF INDIA,sbi_logo
LHOPAT,STATE BANK OF INDIA,sbi_logo
LICCRD,AXIS BANK LIMITED,axis_logo
LMPUCB,LAKHIMPUR URBAN COOPERATIVE BANK LTD.,
LNSBNK,THE LUNAWADA NAGRIK SAHKARI BANK LTD,
LUCBNK,THE LIMBASI URBAN CO OPERATIVE BANK LTD,
LVBANK,The Lakshmi Vilas Bank Ltd,
LVBSMS,The Lakshmi Vilas Bank Ltd,
MABHYD,STATE BANK OF INDIA,sbi_logo
MAHABK,BANK OF MAHARASHTRA,
MAKBNK,MAKARPURA INDUSTRIAL ESTATE COOP BANK LTD,
MALOJI,SHRIMANT MALOJIRAJE SAHAKARI BANK LTD,
MAMCOB,THE MALEGAON MERCHANTS CO OPERATIVE BANK LIMITED,
MANSBK,MANSAROVAR URBAN COOP BANK LTD,
MARSCB,MARUTHONKARA SERVICE CO OPERATIVE BANK,
MAYANI,The Mayani Urban Co Op Bank Ltd. Mayani,
MBIMPS,MUZAFFARNAGAR DISTRICT COOPERATIVE BANK LTD.,
MBTEST,Syndicate Bank,
MCAPEX,THE MEGHALAYA COOPERATIVE APEX BANK LTD.,
MCBANK,THE MUNICIPAL CO OPERATIVE BANK LTD MUMBAI,
MCBATM,MANSING CO OPERATIVE BANK LTD DUDHONDI,
MCBBNK,THE MUNICIPAL CO OPERATIVE BANK LTD MUMBAI,
MCBLTD,MANSING CO OPERATIVE BANK LTD DUDHONDI,
MCBNSK,SHREE MAHESH CO OP BANK LTD,
MCBOTP,MANSING CO OPERATIVE BANK LTD DUDHONDI,
MCBTRN,MANSING CO OPERATIVE BANK LTD DUDHONDI,
MCCBNK,THE MANGALORE CATHOLIC COOPERATIVE BANK,
MCDCCB,THE MYSORE AND CHAMARAJANAGAR DISTRICT CO OPERATIVE CENTRAL BANK LIMITED,
MCNBBK,MAHILA COOP NAGRIK BANK LTD,
MCOBNK,MANINAGAR CO.OP. BANK LTD.,
MCUBLH,MAHAVEER CO OP URBAN BANK LTD,
MCUBNK,MANJERI COOPERATIVE URBAN BANK LTD,
MDCBKL,Mahesana District Co Op Bank,
MDCBNK,Mahesana District Co Op Bank,
MDKNSB,KOTA NAGRIK SAHKARI BANK LTD,
MDLUCB,MUDGAL URBAN CO OPERATIVE BANK LTD. MUDGAL,
MDMSBK,"MANN DESHI MAHILA SAHAKARI BANK LTD., MHASWAD",
MEGRRB,MEGHALAYA RURAL BANK,
MFDUBK,MAHATMA FULE URBAN CO OPERATIVE BANK LTD AMRAVATI,
MGBBNK,MAHARASHTRA GRAMIN BANK,
MGBSMS,DAKSHIN BIHAR GRAMIN BANK,
MGRBBK,MEGHALAYA RURAL BANK,
MGSBBK,THE MEGHALAYA COOPERATIVE APEX BANK LTD.,
MHAVIR,SHRI MAHAVIR URBAN CO OP BANK LIMITED,
MHSJPN,The Mehsana Jilla Panchayat Karmachari Coop Bank ltd,
MIAMEX,American Express Banking Corp.,amex_logo
MIECBL,MAKARPURA INDUSTRIAL ESTATE COOP BANK LTD,
MIMTMX,HDFC BANK LIMITED,hdfc_logo
MISDEP,STATE BANK OF INDIA,sbi_logo
MLBANK,THE MALPUR NAGRIK SAHAKARI BANK LTD,
MLTBNK,MOOLATHARA SERVICE CO OPERATIVE BANK,
MMSBNK,"MANN DESHI MAHILA SAHAKARI BANK LTD., MHASWAD",
MNBANK,MAHANAGR NAGRIK SAHAKARI BANK MYDT BAIRAS,
MNSBKL,THE MEHSANA NAGARIK SAHAKARI BANK LTD,
MNSBNK,THE MEHSANA NAGARIK SAHAKARI BANK LTD,
MODNAG,THE MODASA NAGARIK SAHAKARI BANK LTD,
MOGBNK,THE MOGAVEERA COOPERATIVE BANK LTD,
MORADA,MORADABAD ZILA SAHKARI BANK LTD,
MPAPEX,M P Rajya Sahakari Bank MYDT BHOPAL,
MPAUCB,The Muvattupuzha Urban Co Operative Bank Ltd. No.556,
MPRSBK,M P Rajya Sahakari Bank MYDT BHOPAL,
MPSCBK,Mamasaheb Pawar Satyavijay Co op Bank,
MPSSBK,MANVI PATTANA SOUHARRDA SAHAKARI BANK NIYAMITA,
MPSSBN,MANVI PATTANA SOUHARRDA SAHAKARI BANK NIYAMITA,
MRBANK,United Bank Of India,
MRBBBK,MEGHALAYA RURAL BANK,
MRBCBS,United Bank Of India,
MSBLPN,"MAHESH SAHAKARI BANK LTD., PUNE",
MSBLTD,SHRIMANT MALOJIRAJE SAHAKARI BANK LTD,
MSCBKN,"THE MAHARASHTRA STATE CO OPERATIVE BANK LTD ,MUMBAI",
MSCBNK,MOODADI SERVICE CO OPERATIVE BANK,
MUBANK,MUDGAL URBAN CO OPERATIVE BANK LTD. MUDGAL,
MUCATM,The Mehsana Urban CoOperative Bank Ltd.,
MUCBLP,MAHESH URBAN CO OP. BANK LTD PARBHANI,
MUCBNK,The Mehsana Urban CoOperative Bank Ltd.,
MUCBNP,Mahesh Urban Coperative Bank Limited,
MUCCBS,The Mehsana Urban CoOperative Bank Ltd.,
MUCINB,The Mehsana Urban CoOperative Bank Ltd.,
MUCINF,The Mehsana Urban CoOperative Bank Ltd.,
MUCIPO,The Mehsana Urban CoOperative Bank Ltd.,
MUCMBS,The Mehsana Urban CoOperative Bank Ltd.,
MUCOBK,THE MUSLIM CO OPERATIVE BANK LIMITED,
MUCOTP,The Mehsana Urban CoOperative Bank Ltd.,
MUCUPI,The Mehsana Urban CoOperative Bank Ltd.,
MVCBLS,THA MAHILA VIKAS CO OP BANK LTD,
MYAMEX,American Express Banking Corp.,amex_logo
MYIPPB,India Post Payments Bank Ltd,
MZBANK,Mizoram Rural Bank,
MZBBBK,Mizoram Rural Bank,
MZSBNK,ZILA SAHKARI BANK LTD MATHURA,
NABARD,National Bank for Agriculture and Rural Development,
NCBANK,THE NATIONAL CO OPERATIVE BANK LIMITED,
NCBLBK,NIDHI CO OP BANK LTD,
NDVSBK,THE NASIKROAD DEOLALI VYAPARI SAHAKARI BANK LTD,
NICBNK,NAVSARJAN INDUSTRIAL CO OP BANK LTD,
NISBNK,Nishigandha Sahakari BAnk LTD.,
NJMSBL,The Nasik Jilha Mahila Sahakari Bank Ltd.,
NKDCCB,THE KANARA DISTRICT CENTRAL CO OP BANK LTD,
NKRDBK,THE NASIKROAD DEOLALI VYAPARI SAHAKARI BANK LTD,
NPCMPL,Syndicate Bank,
NSBANK,Nandani Sahkari Bank LTD.Nandani,
NSBETW,NAGAR SAHAKARI BANK LTD ETAWAH,
NSBNKN,Nandani Sahkari Bank LTD.Nandani,
NSCBAK,NADAPURAM SERVICE CO OPERATIVE BANK,
NSCBNK,The Nagaland state cooperative Bank ltd,
NSDLCD,NSDL Payments Bank Limited,
NSDLPB,NSDL Payments Bank Limited,
NSDLRM,NSDL Payments Bank Limited,
NSTCBL,The Nagaland state cooperative Bank ltd,
NTLBNK,THE NAINITAL BANK LTD,
NUCBNK,THE NANDURA URBAN CO OP BANK LTD NANDURA,
NUCBRM,THE NEW URBAN CO OPERATIVE BANK LIMITED,
NUTANB,NUTAN NAGARIK SAHAKARI BANK LTD,
NVNBNK,The Navnirman co op Bank Ltd.,
NVSHUP,NAGAR VIKAS SAHAKARI BANK LTD,
NZBCCB,THE NIZAMABAD DISTRICT COOPERATIVE CENTRAL BANK LTD.,
OBCBNK,ORIENTAL BANK OF COMMERCE,
OBCCBS,ORIENTAL BANK OF COMMERCE,
OBCINB,ORIENTAL BANK OF COMMERCE,
OBCMBK,ORIENTAL BANK OF COMMERCE,
OBCOLS,ORIENTAL BANK OF COMMERCE,
OBCOTP,ORIENTAL BANK OF COMMERCE,
OBCSMS,ORIENTAL BANK OF COMMERCE,
OBCSVC,ORIENTAL BANK OF COMMERCE,
OBCTXN,ORIENTAL BANK OF COMMERCE,
OBCUPI,ORIENTAL BANK OF COMMERCE,
OCUBNK,THE OTTAPALAM CO OPERATIVE URBAN BANK LTD,
OSCBNK,ONCHIYAM SERVICE CO OPERATIVE BANK,
OTPSKN,Shree Kadi Nagarik Sahakri Bank Ltd,
PALUSB,PALUS SAHAKARI BANK LTD,
PANCHB,THE PANCHKULA CENTRAL COOPERATIVE BANK LTD,
PANDBK,THE PANCHKULA CENTRAL COOPERATIVE BANK LTD,
PANIPT,THE PANIPAT URBAN CO OP BANK LTD,
PATANB,PATAN NAGARIK SAHAKARI BANK LTD,
PATSCB,PATTANCHERY SERVICE CO OPERATIVE BANK,
PAYTMB,PAYTM PAYMENTS BANK LIMITED,
PAYZAP,HDFC BANK LIMITED,hdfc_logo
PBGBBN,PASCHIM BANGA GRAMIN BANK,
PBGKOL,PASCHIM BANGA GRAMIN BANK,
PBGMPB,PASCHIM BANGA GRAMIN BANK,
PCBANK,SHREE PARSWANATH CO.OPERATIVE BANK LTD,
PCBDLK,PEOPLES CO OPPERATIVE BANK LTD DHOLKA,
PCCBNK,PORBANDAR COMMERCIAL COOPERATIVE BANK LIMITED,
PCOBNK,Prime Co.Op.Bank Ltd.,
PCSBNK,Pune Cantonment Sahakari Bank Ltd,
PCUBNK,"Pochampally Cooperative Urban Bank Ltd.,",
PGBSMS,PUNJAB GRAMIN BANK,
PIMSBI,STATE BANK OF INDIA,sbi_logo
PITDCC,Pithoragarh Zila Sahkari Bank Ltd. Pithoragarh,
PITOBK,Pithoragarh Zila Sahkari Bank Ltd. Pithoragarh,
PMCBNK,PUNJAB AND MAHARASHTRA CO OPERATIVE BANK,
PMNSBM,PRAGATI MAHILA NAGRIK SAHAKARI BANK MARYADIT,
PMRYBK,PONMERI SERVICE CO OPERATIVE BANK,
PMTYBK,PERUMATTY SERVICE CO OPERATIVE BANK,
PNBACS,PUNJAB GRAMIN BANK,
PNBCCD,PUNJAB NATIONAL BANK,pnb_logo
PNBCRD,PUNJAB NATIONAL BANK,pnb_logo
PNBCRM,PUNJAB NATIONAL BANK,pnb_logo
PNBDBD,PUNJAB NATIONAL BANK,pnb_logo
PNBHRD,PUNJAB NATIONAL BANK,pnb_logo
PNBJNK,PUNJAB NATIONAL BANK,pnb_logo
PNBLKO,PUNJAB NATIONAL BANK,pnb_logo
PNBMKT,PUNJAB NATIONAL BANK,pnb_logo
PNBOTP,PUNJAB NATIONAL BANK,pnb_logo
PNBRTS,PUNJAB NATIONAL BANK,pnb_logo
PNBSMS,PUNJAB NATIONAL BANK,pnb_logo
PNBTBD,PUNJAB NATIONAL BANK,pnb_logo
PNNSBL,PADRA NAGAR NAGRIK SAHAKARI BANK LTD.,
PNSBKB,POORNAWADI NAGRIK SAHAKARI BANK MARYADIT BEED,
PNSBNK,PATAN NAGARIK SAHAKARI BANK LTD,
POUCBK,Pochampally Cooperative Urban Bank Ltd.,
PPCBNK,PUNE PEOPLES CO. OP. BANK LTD.PUNE,
PPGDEP,STATE BANK OF INDIA,sbi_logo
PRIBNK,Priyadarshni Nagari Sahakari Bank Ltd Jalna,
PRIMEB,Prime Co.Op.Bank Ltd.,
PRYBNK,PRIYADARSHANI URBAN CO OP BANK LTD,
PSBANK,Punjab And Sind Bank,
PSBLTD,Pragati Sahakari Bank Ltd,
PSCBNK,PATTOM SERVICE CO OPERATIVE BANK,
PSTBNK,U P POSTAL PRIMARY COOPREATIVE BANK LTD,
PUBANK,PALI URBAN CO OPERATIVE BANK LTD.,
PUBBNK,PUSAD URBAN CO OP BANK LTD,
PUBLTD,PUSAD URBAN CO OP BANK LTD,
PUCBLL,PUSAD URBAN CO OP BANK LTD,
PUCBLM,"THE PRAGATI URBAN CO OP BANK LTD.,MANMAD",
PUCBLP,PUSAD URBAN CO OP BANK LTD,
PUCBNK,PALI URBAN CO OPERATIVE BANK LTD.,
PUPGBK,PRATHAMA U P GRAMIN BANK,
PURBNK,PURVANCHAL BANK,
PUSBNK,PUSAD URBAN CO OP BANK LTD,
PVIJAY,STATE BANK OF INDIA,sbi_logo
RACBNK,RackBank Datacenters Private Ltd.,
RAIBNK,THE RAIPUR URBAN MERCANTILE CO OP BANK LTD,
RAJABK,RAJAPUR URBAN CO OPERATIVE BANK LIMITED RAJAPUR,
RAJNAG,THE RAJULA NAGARIK SAHAKARI BANK LIMITED,
RAMDCC,ZILA SHAKARI BANK RAMPUR,
RATNAK,RBL BANK LIMITED,rbl_logo
RAVISC,RAVI COMMERCIAL URBAN CO OPERATIVE BANK LIMITED,
RBISAY,Reserve Bank of India,
RBLBBB,RBL BANK LIMITED,rbl_logo
RBLBNK,RBL BANK LIMITED,rbl_logo
RBLCCC,RBL BANK LIMITED,rbl_logo
RBLCRD,RBL BANK LIMITED,rbl_logo
RBLHRD,RBL BANK LIMITED,rbl_logo
RBLINF,RBL BANK LIMITED,rbl_logo
RBLKYC,RBL BANK LIMITED,rbl_logo
RBLOFR,RBL BANK LIMITED,rbl_logo
RBLOSR,RBL BANK LIMITED,rbl_logo
RBLPIL,RBL BANK LIMITED,rbl_logo
RBLPLN,RBL BANK LIMITED,rbl_logo
RBLSSU,RBL BANK LIMITED,rbl_logo
RBLTEC,RBL BANK LIMITED,rbl_logo
RBLVPN,RBL BANK LIMITED,rbl_logo
RBLWCM,RBL BANK LIMITED,rbl_logo
RBOPEN,STATE BANK OF INDIA,sbi_logo
RCBANK,THE RAJAJINAGAR CO OP BANK LTD,
RCBRNG,RANIGANJ COOPERATIVE BANK LTD,
RCMSBN,RANI CHANNAMMA MAHILA SAHAKARI BANK NIYAMIT BELAGAVI,
RCOBKL,RANIGANJ COOPERATIVE BANK LTD,
RIMUMB,Syndicate Bank,
RMCBNK,RAJPUTANA MAHILA URBAN COOP. BANK LTD.,
RMGBBK,Rajasthan Marudhara gramin bank,
RMMBNR,STATE BANK OF INDIA,sbi_logo
RMRBLY,STATE BANK OF INDIA,sbi_logo
RNBASB,Rajkot Nagarik Sahakari Bank Ltd.,
RNBCRM,Rajkot Nagarik Sahakari Bank Ltd.,
RNBUPI,Rajkot Nagarik Sahakari Bank Ltd.,
RNSBAL,Rajkot Nagarik Sahakari Bank Ltd.,
RNSBBC,Rajkot Nagarik Sahakari Bank Ltd.,
RNSBKT,Rajkot Nagarik Sahakari Bank Ltd.,
RNSBLD,Rajkot Nagarik Sahakari Bank Ltd.,
RNSBLT,Rajkot Nagarik Sahakari Bank Ltd.,
RNSBMB,Rajkot Nagarik Sahakari Bank Ltd.,
RNSBMF,Rajkot Nagarik Sahakari Bank Ltd.,
RNSBNK,RAJDHANI NAGAR SAHKARI BANK LTD,
RNUBNK,The Ranuj Nagrik Sahakari Bank Ltd,
ROATPM,ANDHRA PRAGATHI GRAMEENA BANK,
ROKDPA,ANDHRA PRAGATHI GRAMEENA BANK,
ROKDRI,ANDHRA PRAGATHI GRAMEENA BANK,
ROKRNL,ANDHRA PRAGATHI GRAMEENA BANK,
ROLUDH,Syndicate Bank,
RONDYL,ANDHRA PRAGATHI GRAMEENA BANK,
RONELL,Syndicate Bank,
RONELR,ANDHRA PRAGATHI GRAMEENA BANK,
ROONGL,ANDHRA PRAGATHI GRAMEENA BANK,
RORJPA,ANDHRA PRAGATHI GRAMEENA BANK,
RORURL,Syndicate Bank,
ROTVPM,Syndicate Bank,
ROUDPI,Syndicate Bank,
ROVARN,Syndicate Bank,
RPCOBL,RANDER PEOPLES CO OP BANK,
RPRDBK,The Ropar Central Cooperative Bank Ltd.,
RSBANK,THE RAJAPUR SAHAKARI BANK LTD MUMBAI,
RSBLPT,RAJARAMBAPU BANK SAHAKARI BANK LTD,
RSSBBK,RAJARSHI SHAHU SAHAKARI BANK LIMITED,
RUBANK,RAJAPUR URBAN CO OPERATIVE BANK LIMITED RAJAPUR,
RUKBNK,RUKMINI SAHAKARI BANK LIMITED,
RUMBNK,THE RAIPUR URBAN MERCANTILE CO OP BANK LTD,
SACBNK,Shri Adinath Co Op bank Ltd. Ichalkaranji,
SADHNA,Sadhana Sahakari Bank Limited,
SAIBNK,Saibaba Nagari Sahakari Bank Maryadit Sailu,
SAINIK,COL RD Nikam Sainik Sahakari Bank LTD.,
SAMBNK,SAMATA SAHAKARI BANK LTD,
SAMLMS,STATE BANK OF INDIA,sbi_logo
SAMMCO,THE SAMMCO BANK LTD,
SAMSAH,SAMPADA SAHAKARI BANK LTD,
SANDUR,SANDUR PATTANA SOUHARDA SAHAKARI BANK NI,
SANMTI,Sanmati Sahakari Bank . Ltd. Ichalkaranji,
SARNSB,SARVODAYA NAGARIK SAHAKARI BANK LTD.,
SAROBK,"The Sarvodaya co op Bank Ltd., Mumbai",
SASCCB,The SAS Nagar Central Cooperative Bank Ltd,
SATBNK,AD.Shamraoji Shinde Satyashodhak Sahakari Bank Ltd.Kolhapur,
SAVLIP,SHREE SAVLI NAGRIK SAHAKARI BANK LTD,
SBALRT,Syndicate Bank,
SBBJNB,STATE BANK OF INDIA,sbi_logo
SBCDRE,STATE BANK OF INDIA,sbi_logo
SBCWMS,STATE BANK OF INDIA,sbi_logo
SBDBTL,STATE BANK OF INDIA,sbi_logo
SBDCBK,THE SABARKANTHA DISTRICT CENTRAL CO OP BANK LTD,
SBDCOG,STATE BANK OF INDIA,sbi_logo
SBECOM,STATE BANK OF INDIA,sbi_logo
SBEPAY,STATE BANK OF INDIA,sbi_logo
SBEREG,STATE BANK OF INDIA,sbi_logo
SBERIN,SBERBANK,
SBERMS,STATE BANK OF INDIA,sbi_logo
SBFIAH,STATE BANK OF INDIA,sbi_logo
SBFIMF,STATE BANK OF INDIA,sbi_logo
SBGALR,STATE BANK OF INDIA,sbi_logo
SBGITC,STATE BANK OF INDIA,sbi_logo
SBGLMS,STATE BANK OF INDIA,sbi_logo
SBGMBS,STATE BANK OF INDIA,sbi_logo
SBGPPC,STATE BANK OF INDIA,sbi_logo
SBHART,SHREE BHARAT CO OPERATIVE BANK LTD,
SBHIGH,STATE BANK OF INDIA,sbi_logo
SBHINB,STATE BANK OF INDIA,sbi_logo
SBHRMS,STATE BANK OF INDIA,sbi_logo
SBIABD,STATE BANK OF INDIA,sbi_logo
SBIABU,STATE BANK OF INDIA,sbi_logo
SBIACS,STATE BANK OF INDIA,sbi_logo
SBIADS,STATE BANK OF INDIA,sbi_logo
SBIAHM,STATE BANK OF INDIA,sbi_logo
SBIAND,STATE BANK OF INDIA,sbi_logo
SBIAOR,STATE BANK OF INDIA,sbi_logo
SBIAPP,STATE BANK OF INDIA,sbi_logo
SBIATM,STATE BANK OF INDIA,sbi_logo
SBIATT,STATE BANK OF INDIA,sbi_logo
SBIAVS,STATE BANK OF INDIA,sbi_logo
SBIBAN,STATE BANK OF INDIA,sbi_logo
SBIBHO,STATE BANK OF INDIA,sbi_logo
SBIBHU,STATE BANK OF INDIA,sbi_logo
SBIBNK,STATE BANK OF INDIA,sbi_logo
SBIBOG,STATE BANK OF INDIA,sbi_logo
SBIBSC,STATE BANK OF INDIA,sbi_logo
SBIBTU,STATE BANK OF INDIA,sbi_logo
SBICAA,STATE BANK OF INDIA,sbi_logo
SBICAR,STATE BANK OF INDIA,sbi_logo
SBICBG,STATE BANK OF INDIA,sbi_logo
SBICDC,STATE BANK OF INDIA,sbi_logo
SBICDS,STATE BANK OF INDIA,sbi_logo
SBICHA,STATE BANK OF INDIA,sbi_logo
SBICHD,STATE BANK OF INDIA,sbi_logo
SBICHE,STATE BANK OF INDIA,sbi_logo
SBICMD,STATE BANK OF INDIA,sbi_logo
SBICMP,STATE BANK OF INDIA,sbi_logo
SBICMS,STATE BANK OF INDIA,sbi_logo
SBICON,STATE BANK OF INDIA,sbi_logo
SBICOS,STATE BANK OF INDIA,sbi_logo
SBICPA,STATE BANK OF INDIA,sbi_logo
SBICPC,STATE BANK OF INDIA,sbi_logo
SBICPP,STATE BANK OF INDIA,sbi_logo
SBICRS,STATE BANK OF INDIA,sbi_logo
SBICVC,STATE BANK OF INDIA,sbi_logo
SBICVE,STATE BANK OF INDIA,sbi_logo
SBICVS,STATE BANK OF INDIA,sbi_logo
SBICWS,STATE BANK OF INDIA,sbi_logo
SBIDAK,STATE BANK OF INDIA,sbi_logo
SBIDBT,STATE BANK OF INDIA,sbi_logo
SBIDCL,STATE BANK OF INDIA,sbi_logo
SBIDEL,STATE BANK OF INDIA,sbi_logo
SBIDGT,STATE BANK OF INDIA,sbi_logo
SBIDIA,STATE BANK OF INDIA,sbi_logo
SBIDMO,STATE BANK OF INDIA,sbi_logo
SBIDMT,STATE BANK OF INDIA,sbi_logo
SBIDRC,STATE BANK OF INDIA,sbi_logo
SBIDRT,STATE BANK OF INDIA,sbi_logo
SBIDSB,STATE BANK OF INDIA,sbi_logo
SBIDTB,STATE BANK OF INDIA,sbi_logo
SBIDYN,STATE BANK OF INDIA,sbi_logo
SBIEES,STATE BANK OF INDIA,sbi_logo
SBIEIS,STATE BANK OF INDIA,sbi_logo
SBIEMM,STATE BANK OF INDIA,sbi_logo
SBIEST,STATE BANK OF INDIA,sbi_logo
SBIETC,STATE BANK OF INDIA,sbi_logo
SBIETF,STATE BANK OF INDIA,sbi_logo
SBIETM,STATE BANK OF INDIA,sbi_logo
SBIEWS,STATE BANK OF INDIA,sbi_logo
SBIFIJ,STATE BANK OF INDIA,sbi_logo
SBIFMC,STATE BANK OF INDIA,sbi_logo
SBIFMS,STATE BANK OF INDIA,sbi_logo
SBIFOB,STATE BANK OF INDIA,sbi_logo
SBIFRW,STATE BANK OF INDIA,sbi_logo
SBIFXT,STATE BANK OF INDIA,sbi_logo
SBIGAD,STATE BANK OF INDIA,sbi_logo
SBIGCC,STATE BANK OF INDIA,sbi_logo
SBIGKP,STATE BANK OF INDIA,sbi_logo
SBIGLM,STATE BANK OF INDIA,sbi_logo
SBIGLS,STATE BANK OF INDIA,sbi_logo
SBIGMU,STATE BANK OF INDIA,sbi_logo
SBIGOC,STATE BANK OF INDIA,sbi_logo
SBIGRC,STATE BANK OF INDIA,sbi_logo
SBIGUW,STATE BANK OF INDIA,sbi_logo
SBIHOM,STATE BANK OF INDIA,sbi_logo
SBIHRD,STATE BANK OF INDIA,sbi_logo
SBIHSG,STATE BANK OF INDIA,sbi_logo
SBIHUB,STATE BANK OF INDIA,sbi_logo
SBIHYD,STATE BANK OF INDIA,sbi_logo
SBIINB,STATE BANK OF INDIA,sbi_logo
SBIINF,STATE BANK OF INDIA,sbi_logo
SBIITS,STATE BANK OF INDIA,sbi_logo
SBIIVM,STATE BANK OF INDIA,sbi_logo
SBIJAI,STATE BANK OF INDIA,sbi_logo
SBIKBN,STATE BANK OF INDIA,sbi_logo
SBIKBP,STATE BANK OF INDIA,sbi_logo
SBIKER,STATE BANK OF INDIA,sbi_logo
SBIKOL,STATE BANK OF INDIA,sbi_logo
SBIKYC,STATE BANK OF INDIA,sbi_logo
SBILCM,STATE BANK OF INDIA,sbi_logo
SBILCO,STATE BANK OF INDIA,sbi_logo
SBILKL,STATE BANK OF INDIA,sbi_logo
SBILON,STATE BANK OF INDIA,sbi_logo
SBILOS,STATE BANK OF INDIA,sbi_logo
SBILOT,STATE BANK OF INDIA,sbi_logo
SBILTP,STATE BANK OF INDIA,sbi_logo
SBILUC,STATE BANK OF INDIA,sbi_logo
SBILWF,STATE BANK OF INDIA,sbi_logo
SBIMAB,STATE BANK OF INDIA,sbi_logo
SBIMAH,STATE BANK OF INDIA,sbi_logo
SBIMAP,STATE BANK OF INDIA,sbi_logo
SBIMAT,STATE BANK OF INDIA,sbi_logo
SBIMBD,STATE BANK OF INDIA,sbi_logo
SBIMBS,STATE BANK OF INDIA,sbi_logo
SBIMET,STATE BANK OF INDIA,sbi_logo
SBIMFK,STATE BANK OF INDIA,sbi_logo
SBIMUM,STATE BANK OF INDIA,sbi_logo
SBINPA,STATE BANK OF INDIA,sbi_logo
SBINPS,STATE BANK OF INDIA,sbi_logo
SBINTH,STATE BANK OF INDIA,sbi_logo
SBINWC,STATE BANK OF INDIA,sbi_logo
SBINWD,STATE BANK OF INDIA,sbi_logo
SBINZB,STATE BANK OF INDIA,sbi_logo
SBIOEM,STATE BANK OF INDIA,sbi_logo
SBIONB,STATE BANK OF INDIA,sbi_logo
SBIOTP,STATE BANK OF INDIA,sbi_logo
SBIOTS,STATE BANK OF INDIA,sbi_logo
SBIPAY,STATE BANK OF INDIA,sbi_logo
SBIPBS,STATE BANK OF INDIA,sbi_logo
SBIPBU,STATE BANK OF INDIA,sbi_logo
SBIPEN,STATE BANK OF INDIA,sbi_logo
SBIPER,STATE BANK OF INDIA,sbi_logo
SBIPNJ,STATE BANK OF INDIA,sbi_logo
SBIPOS,STATE BANK OF INDIA,sbi_logo
SBIPPC,STATE BANK OF INDIA,sbi_logo
SBIPRM,STATE BANK OF INDIA,sbi_logo
SBIPSG,STATE BANK OF INDIA,sbi_logo
SBIPSP,STATE BANK OF INDIA,sbi_logo
SBIQCK,STATE BANK OF INDIA,sbi_logo
SBIRBH,STATE BANK OF INDIA,sbi_logo
SBIRBU,STATE BANK OF INDIA,sbi_logo
SBIRCH,STATE BANK OF INDIA,sbi_logo
SBIRDH,STATE BANK OF INDIA,sbi_logo
SBIREG,STATE BANK OF INDIA,sbi_logo
SBIREH,STATE BANK OF INDIA,sbi_logo
SBIRMD,STATE BANK OF INDIA,sbi_logo
SBIRPR,STATE BANK OF INDIA,sbi_logo
SBIRTI,STATE BANK OF INDIA,sbi_logo
SBIRWZ,STATE BANK OF INDIA,sbi_logo
SBISAM,STATE BANK OF INDIA,sbi_logo
SBISBD,STATE BANK OF INDIA,sbi_logo
SBISEC,STATE BANK OF INDIA,sbi_logo
SBISFG,STATE BANK OF INDIA,sbi_logo
SBISMA,STATE BANK OF INDIA,sbi_logo
SBISMB,STATE BANK OF INDIA,sbi_logo
SBISMC,STATE BANK OF INDIA,sbi_logo
SBISME,STATE BANK OF INDIA,sbi_logo
SBISMP,STATE BANK OF INDIA,sbi_logo
SBISNB,STATE BANK OF INDIA,sbi_logo
SBISNC,STATE BANK OF INDIA,sbi_logo
SBISNP,STATE BANK OF INDIA,sbi_logo
SBISOC,STATE BANK OF INDIA,sbi_logo
SBISOM,STATE BANK OF INDIA,sbi_logo
SBISRP,STATE BANK OF INDIA,sbi_logo
SBITBU,STATE BANK OF INDIA,sbi_logo
SBITDS,STATE BANK OF INDIA,sbi_logo
SBITFF,STATE BANK OF INDIA,sbi_logo
SBITFO,STATE BANK OF INDIA,sbi_logo
SBITRB,STATE BANK OF INDIA,sbi_logo
SBITRI,STATE BANK OF INDIA,sbi_logo
SBITRN,STATE BANK OF INDIA,sbi_logo
SBITRS,STATE BANK OF INDIA,sbi_logo
SBITSM,STATE BANK OF INDIA,sbi_logo
SBITSS,STATE BANK OF INDIA,sbi_logo
SBITST,STATE BANK OF INDIA,sbi_logo
SBIUDR,STATE BANK OF INDIA,sbi_logo
SBIUPI,STATE BANK OF INDIA,sbi_logo
SBIVMT,STATE BANK OF INDIA,sbi_logo
SBIVPN,STATE BANK OF INDIA,sbi_logo
SBIWAL,STATE BANK OF INDIA,sbi_logo
SBIWEB,STATE BANK OF INDIA,sbi_logo
SBJSMS,STATE BANK OF INDIA,sbi_logo
SBLCPC,STATE BANK OF INDIA,sbi_logo
SBLLMS,STATE BANK OF INDIA,sbi_logo
SBLSOL,SAMARTH SAHAKARI BANK LTD. SOLAPUR,
SBLSPC,STATE BANK OF INDIA,sbi_logo
SBMBNK,SBM Bank India Limited,
SBMCB,SREE BANASHANKARI MAHILA COOPERATIVE BANK LTD,
SBMCBK,SREE BANASHANKARI MAHILA COOPERATIVE BANK LTD,
SBMCSH,STATE BANK OF INDIA,sbi_logo
SBMINB,STATE BANK OF INDIA,sbi_logo
SBMIND,SBM Bank India Limited,
SBOCAS,STATE BANK OF INDIA,sbi_logo
SBPBBU,STATE BANK OF INDIA,sbi_logo
SBPINB,STATE BANK OF INDIA,sbi_logo
SBRACC,STATE BANK OF INDIA,sbi_logo
SBRLMS,STATE BANK OF INDIA,sbi_logo
SBRWDZ,STATE BANK OF INDIA,sbi_logo
SBSSBI,STATE BANK OF INDIA,sbi_logo
SBTABK,SahakarMaharshi Bhausaheb Thorat Amrutvahini Sahakari Bank Ltd.,
SBTINB,STATE BANK OF INDIA,sbi_logo
SBWLTH,STATE BANK OF INDIA,sbi_logo
SBYONO,STATE BANK OF INDIA,sbi_logo
SCBANK,STANDARD CHARTERED BANK,stanchart_logo
SCDCCB,THE SOUTH CANARA DISTRICT CENTRAL COOPERATIVE BANK,
SCOPBL,THE SARANGPUR CO OP BANK LTD,
SCSBNK,Shri Chatrapati Shivaji Maharaj Sahakari Bank Niyamith,
SCUBLT,SHILLONG COOPERATIVE URBAN BANK LTD,
SCUBNK,THE SUDHA CO OPERATIVE URBAN BANK LTD,
SDCCBL,THE SALEM DISTRICT CENTRAL COOPERATIVE BANK LTD,
SDCCBS,The Solapur Dist.Central co op Bank Ltd.,
SDCOBK,SHREE DHARATI CO OP BANK LTD,
SEVABK,THE SEVA VIKAS COOPERATIVE BANK LTD,
SGBBNK,SAURASHTRA GRAMIN BANK,
SGBBTI,SAURASHTRA GRAMIN BANK,
SGMCBL,THE SARDARGUNJ MERCHNTILE CO OP BANK LTD,
SGMUCB,SHRI GAJANAN MAHARAJ URBAN CO OP BANK LTD BHOKARDAN,
SHAHUB,SHRI CHHATRAPATI RAJARSHI SHAHU URBAN CO OP BANK LTD BEED,
SHBIND,SHINHAN BANK,
SHGSMS,SARVA HARYANA GRAMIN BANK,
SHIVBK,Shivdaulat Sahakari Bank Ltd.,
SHSBLH,Shri Janata Sahakari Bank LTD,
SIBCNP,THE SOUTH INDIAN BANK LIMITED,
SIBPRD,THE SOUTH INDIAN BANK LIMITED,
SIBSMS,THE SOUTH INDIAN BANK LIMITED,
SIDBIB,SMALL INDUSTRIES DEVELOPMENT BANK OF INDIA,
SIKSBK,SIKKIM STATE COOPERATIVE BANK LTD.,
SIWANB,THE SIWAN CENTRAL CO OPERATIVE BANK LIMITED,
SJSBLH,Shri Janata Sahakari Bank LTD,
SKBANK,THE SABARKANTHA DISTRICT CENTRAL CO OP BANK LTD,
SKNSBK,SHREE SAVARKUNDLA NAGARIK SAHAKARI BANK LIMITED,
SKNSBL,Shree Kadi Nagarik Sahakri Bank Ltd,
SLMSBL,SHREE LAXMI MAHILA SAHAKARI BANK LTD,
SMBANK,The Sangamner Merchants Co Op Bank Ltd Sangamner,
SMCBLT,SHIVALIK MERCANTILE CO OPERATIVE BANK LTD,
SMCBNK,SARDARGUNJ MERCANTILE COOPERATIVE BANK LTD,
SMFLTD,Suryoday Small Finance Bank Limited,
SMGPAY,AXIS BANK LIMITED,axis_logo
SMNBNK,SHREE MAHUVA NAGRIK SAHAKARI BANK LTD.,
SMPBNK,Shankarrao Mohite Patil Sahakari Bank Ltd. Akluj,
SMSBNK,SANMITRA MAHILA NAGRI SAHKARI BANK MARYADIT CHANDRAPUR,
SMSSBK,Soubhagya Mahila Souharda Sahakari Bank Niyamit,
SMUCBK,SUMERPUR MERCANTILE URBAN COOPERATIVE BANK LTD,
SMUCBL,SUMERPUR MERCANTILE URBAN COOPERATIVE BANK LTD,
SMUCBS,SHRI MAHAVIR URBAN CO OP BANK LIMITED,
SNBHMT,SARVODAYA NAGARIK SAHAKARI BANK LTD.,
SNCOBL,SARASPUR NAGRIK CO.OP BANK LTD.,
SNSBLS,Sharad Nagari Sahakari Bank Ltd Solapur,
SNSBMS,Saibaba Nagari Sahakari Bank Maryadit Sailu,
SNSBNK,SIHOR NAGARIKSAHAKARI BANK LTD,
SOCINC,STATE BANK OF INDIA,sbi_logo
SONBNK,SONBHADRA NAGAR SAHKARI BANK LTD.,
SPCBAK,THE SARSA PEOPLE'S CO OP BANK LTD.,
SPNSBK,Shree Panchganga Nagari Sahakari Bank Ltd.Kolhapur,
SPRCRD,RBL BANK LIMITED,rbl_logo
SPROFR,RBL BANK LIMITED,rbl_logo
SRGBBK,SAURASHTRA GRAMIN BANK,
SRIBNK,SREENIDHI SOUHARDA SAHAKARI BANK NIYAMITHA,
SRKCOB,Shrikrishna CoOp Bank Ltd. Umrer,
SRYLTD,Suryoday Small Finance Bank Limited,
SSBANK,SHARAD SAHAKARI BANK LTD MANCHAR PUNE,
SSBFNK,Suryoday Small Finance Bank Limited,
SSBKLP,SAMPADA SAHAKARI BANK LTD,
SSBMAN,SHARAD SAHAKARI BANK LTD MANCHAR PUNE,
SSBMJA,"Samarth Sahakari Bank Maryadit, Jalna",
SSBMOD,THE SARVODAYA SAHAKARI BANK LTD MODASA,
SSBNAG,Sadhana Sahakari Bank Ltd.,
SSBNBL,SAMAJA SEVA SAHAKARI BANK LTD,
SSBPUN,Sadhana Sahakari Bank Limited,
SSCORE,STATE BANK OF INDIA,sbi_logo
SSFBNK,Suryoday Small Finance Bank Limited,
SSKSBH,STATE BANK OF INDIA,sbi_logo
SSKSBI,STATE BANK OF INDIA,sbi_logo
SSKSBM,STATE BANK OF INDIA,sbi_logo
SSKSBP,STATE BANK OF INDIA,sbi_logo
SSKSBT,STATE BANK OF INDIA,sbi_logo
SSNSBK,SARDAR SINGH NAGRIK SAHKARI BANK MARYADIT TIKAMGARH,
SSNSBM,SARDAR SINGH NAGRIK SAHKARI BANK MARYADIT TIKAMGARH,
SSSBKN,SREENIDHI SOUHARDA SAHAKARI BANK NIYAMITHA,
SSSBNB,SREENIDHI SOUHARDA SAHAKARI BANK NIYAMITHA,
SSSBNK,SRI SATYA SAI NAGRIK SAHAKARI BANK MARYADIT,
SSSSBK,SHRI SWAMI SAMARTH SAHAKARI BANK LTD,
STCBLR,Syndicate Bank,
STNSBL,Shree Talaja Nagrik Sahakari Bank Ltd,
SUBANK,SHRIRAM URBAN COOPERATIVE BANK LIMITED NAGPUR,
SUCBLS,THE SANTRAMPUR URBAN CO OP BANK LIMITED,
SUCNAG,SHRIRAM URBAN COOPERATIVE BANK LIMITED NAGPUR,
SUCOBK,Suco Souhardha Sahakari Bank ltd,
SUDBNK,THE SUDHA CO OPERATIVE URBAN BANK LTD,
SUDHAB,THE SUDHA CO OPERATIVE URBAN BANK LTD,
SUDICO,THE SURAT DISTRICT CO OP BANK LTD,
SULBNK,SULAIMANI CO OPERATIVE BANK LTD.,
SUNBNK,SURAT NATIONAL CO OP BANK LTD,
SUPRNA,Syndicate Bank,
SURATB,SURAT NATIONAL CO OP BANK LTD,
SUSSBN,Sadalga UrbanSouharda Sahakari Bank Niyamit,
SUTEXB,The Sutex Coop Bank Ltd,
SUVKAS,THE SUVIKAS PEOPLES COOPERATIVE BANK LIMITED,
SVBANK,SARDAR VALLABHBHAI SAHAKARI BANK LIMITED,
SVCBNK,SVC Cooperative Bank Limited,
SVCINF,SVC Cooperative Bank Limited,
SVCTXN,SVC Cooperative Bank Limited,
SWDEPT,Syndicate Bank,
SWMUCB,SAWAIMADHOPUR URBAN COOPERATIVE BANK LTD,
SWNCCB,THE SIWAN CENTRAL CO OPERATIVE BANK LIMITED,
SYBGOV,Syndicate Bank,
SYBKDC,Syndicate Bank,
SYDBTL,Syndicate Bank,
SYNBNK,Syndicate Bank,
SYNBPR,Syndicate Bank,
SYNDBK,Syndicate Bank,
SYNDBT,Syndicate Bank,
SYNDCT,Syndicate Bank,
SYNDLN,Syndicate Bank,
SYNDPG,Syndicate Bank,
SYNEPB,Syndicate Bank,
SYNIBD,Syndicate Bank,
SYNINS,Syndicate Bank,
SYNKSD,Syndicate Bank,
SYNMOB,Syndicate Bank,
SYNRBD,Syndicate Bank,
SYNRUP,Syndicate Bank,
SYNTAB,Syndicate Bank,
SYNTST,Syndicate Bank,
SYNVIG,Syndicate Bank,
TADCBK,ALAPPUZHA DISTRICT CO OPERATIVE BANK LTD,
TANCBL,THE AMOD NAGRIC CO OP BANK LTD,
TBCBKL,The Bhagyodaya Co Op Bank Ltd,
TBCOOP,THE BHARAT CO OPERATIVE BANK LTD,
TBNSBL,The Becharaji Nagarik Sahakari Bank Ltd.,
TBSBNK,THANE BHARAT SAHAKARI BANK LTD.,
TBTCOB,THE BARODA TRADERS CO OP BANK LTD,
TBUCBK,THE BIJNOR URBAN CO OPERATIVE BANK LTD.,
TCBMEH,THE CO OP BANK OF MEHSANA LTD.,
TCNSBK,THE CHANASMA NAGRIK SAHAKARI BANK LTD,
TCSBNK,THE CHITNAVISPURA SAHAKARI BANK LTD,
TCUBKK,The Coastal Urban CoOperative Bank Ltd,
TCUBNK,Tarapur Co Operative Urban Bank Ltd,
TDANCB,DHULE AND NANDURBAR DISTRICT CENTRAL CO OPERATIVE BANK LIMITED,
TDCBBK,THRISSUR DISTRICT COOPERATIVE BANK,
TDCBNK,The Thane District Central Co Operative Bank,
TDCCBE,THE DISTRICT COOPERATIVE CENTRAL BANK LIMITED ELURU,
TDCELL,Syndicate Bank,
TECUBK,THE EENADU COOP URBAN BANK LTD,
TEHBIK,TEHRI GARHWAL ZILA SAHKARI BANK LTD,
TGBANK,United Bank Of India,
TGBATM,TELANGANA GRAMEENA BANK,
TGBBNK,TELANGANA GRAMEENA BANK,
TGBCBS,United Bank Of India,
TGBEBK,TELANGANA GRAMEENA BANK,
TGBINB,TELANGANA GRAMEENA BANK,
TGBMBS,TELANGANA GRAMEENA BANK,
TGBTXN,TELANGANA GRAMEENA BANK,
TGBUPI,TELANGANA GRAMEENA BANK,
TGCUBK,THE GANDHI COOPERATIVE URBAN BANK LTD,
TGDCBT,TEHRI GARHWAL ZILA SAHKARI BANK LTD,
TGMCBK,TGMC BANK LTD,
TGPCBK,THE GANDEVI PEOPLES CO OP BANK LTD,
TGUCBK,THE GODHRA URBAN CO OPERATIVE BANK LTD,
THIRUV,Syndicate Bank,
THNSBL,THE HARIJ NAGARIK SAHAKARI BANK LTD,
TJCCBL,The Junagadh Commercial Co. Op. Bank Ltd,
TJMSBL,THE JAMNAGAR MAHILA SAHAKARI BANK LTD,
TJNSBK,JHALAWAR NAGRIK SAHAKARI BANK LIMITED,
TJSBIB,TJSB SAHAKARI BANK LTD.,
TJSBNK,TJSB SAHAKARI BANK LTD.,
TJSBPM,TJSB SAHAKARI BANK LTD.,
TJSBSB,TJSB SAHAKARI BANK LTD.,
TJSBVV,TJSB SAHAKARI BANK LTD.,
TKCUBL,THE KHATTRI COOPERATIVE URBAN BANK LTD.,
TKPCBL,THE KAPADWANJ PEOPLES CO OP BANK LTD,
TKTCBK,THE KODUNGALLUR TOWN CO OPERATIVE BANK LTD,
TKTCCB,THE KALNA TOWN CREDIT COOPERATIVE BANK LTD.,
TKUBNK,The Kolhapur Urban Cooperative Bank Limited,
TKUCBL,the koylanchal urban cooperative bank ltd,
TLUBNK,THE LIMBASI URBAN CO OPERATIVE BANK LTD,
TMBANK,TAMILNAD MERCANTILE BANK LIMITED,
TMBFST,TAMILNAD MERCANTILE BANK LIMITED,
TMBOTP,TAMILNAD MERCANTILE BANK LIMITED,
TMBSMS,TAMILNAD MERCANTILE BANK LIMITED,
TMBUPI,TAMILNAD MERCANTILE BANK LIMITED,
TMCCOB,THE MANGALORE CATHOLIC COOPERATIVE BANK,
TMNSBL,THE MEGHRAJ NAGARIK SAHAKARI BANK LTD,
TMSCHT,THE MERCHANTS SOUHARDA SAHAKARA BANK NIYAMITHA,
TMUCBL,The Mahabaleshwar Urban Coop Bank Ltd,
TNBLTD,THE NAINITAL BANK LTD,
TNCCBK,The National Central Cooperative Bank Ltd,
TNCCBNK,The National Central Cooperative Bank Ltd,
TNJCBL,Nav Jeevan Cooperative Bank Limited,
TNJMSB,The Nasik Jilha Mahila Sahakari Bank Ltd.,
TNMCBL,THE NASIK MERCHANTS CO OP BANK LTD. NASHIK,
TNSBLT,THE TALOD NAGRIK SHA BANK LTD,
TNSCBK,THE TAMIL NADU STATE APEX COOP. BANK LTD.,
TNYCBK,THE TIRUNELVELI DISTRICT CENTRE COOPERATIVE BANK,
TPMCBK,The Panchsheel Mercantile Co. Operative Bank Ltd.,
TRBANK,THE RECHARGE BANK,
TRMUCB,RAJPUTANA MAHILA URBAN COOP. BANK LTD.,
TSMCBK,The Sangamner Merchants Co Op Bank Ltd Sangamner,
TSSKBK,The SSK Co Opeartive Bankl Ltd,
TTCOBK,Textile Traders Cooperative Bank Limited,
TUCBLD,THE URBAN CO OP BANK LTD DHARANGAON,
TVCBNK,TUMKUR VEERASHAIVA CO OP BANK LTD,
TVPCBK,THE VERAVAL PEOPLES CO OP BANK LTD,
TVPCBL,THE VERAVAL PEOPLES CO OP BANK LTD,
TYUBNK,THE YAVATMAL URBAN COOPERATIVE BANK,
UBGBNK,UTTAR BIHAR GRAMIN BANK,
UBIBNK,United Bank Of India,
UBISMS,United Bank Of India,
UBKGBK,Uttarbanga Kshetriya Gramin Bank,
UBKGBM,Uttarbanga Kshetriya Gramin Bank,
UCBANK,URBAN CO OPERATIVE BANK LTD. DEHRADUN,
UCBDHN,URBAN CO OPERATIVE BANK LTD. DEHRADUN,
UCOBNK,UCO BANK,
UCTBNK,THE UDUPI CO OPERATIVE TOWN BANK LTD,
UGBBNK,UTTARAKHAND GRAMIN BANK,
UJJIVN,UJJIVAN SMALL FINANCE BANK LIMITED,
UJVNBP,UJJIVAN SMALL FINANCE BANK LIMITED,
UKASHI,UTTARKASHI ZILA SAHKARI BANK LIMITED,
UKGBBK,UTKAL GRAMEEN BANK,
UMABNK,UMA CO OP BANK LTD,
UMACOB,UMA CO OP BANK LTD,
UMUCBK,THE UDAIPUR MAHILA URBAN CO OP BANK LTD,
UMUCBL,THE UDAIPUR MAHILA URBAN CO OP BANK LTD,
UNIONB,UNION BANK OF INDIA,
UNIXCE,HDFC BANK LIMITED,hdfc_logo
UNSBNK,UNJHA NAGARIK SAHAKARI BANK LTD.,
UPCBNK,THE UTTARSANDA PEOPLES COOP BANK LTD,
UPIPWD,MUZAFFARNAGAR DISTRICT COOPERATIVE BANK LTD.,
UPSBBK,UJJAIN PARASPAR SAHAKARI BANK MYDT,
URBANK,THE URBAN CO OP BANK LTD DHARANGAON,
USCBNK,Uttarakhand State Co Op Bank Limited,
UTGBBK,UTTARAKHAND GRAMIN BANK,
UTKBNK,Utkarsh Small Finance Bank Ltd,
UTKDBK,UTTARKASHI ZILA SAHKARI BANK LIMITED,
UTKLGB,UTKAL GRAMEEN BANK,
UTKMIS,Utkarsh Small Finance Bank Ltd,
UTKSBK,Uttarakhand State Co Op Bank Limited,
UTKSFB,Utkarsh Small Finance Bank Ltd,
UUCBUD,THE UDAIPUR URBAN COOPERATIVE BANK LTD,
UUNSBL,THE UNAVA NAGARIK SAHAKARI BANK LTD,
VALSCB,VALAYAM SERVICE CO OPERATIVE BANK,
VARABK,THE VARACHHA CO OP BANK LTD,
VASBNK,THE VEPAR UDHYOG VIKAS SAHKARI BANK LTD JHALOD,
VBANKL,The VAIDYANATH URBAN CO OPERATIVE BANK LTD,
VCBANK,The Vijay Co Op Bank Ltd,
VCCBNK,The Vellore District Central Cooperative Bank Ltd,
VCNBNK,THE VAISH CO OPERATIVE NEW BANK LTD.,
VIDBBK,Jila Sahakari Kendriya Maryadit bank VIDISHA,
VIDYBK,VIDYANAND CO OP BANK LTD SOLAPUR,
VIJBNK,The Vijay Co Op Bank Ltd,
VIKASB,VIKAS SOUHARDA CO OPERATIVE BANK LTD,
VIKBNK,VIKAS SOUHARDA CO OPERATIVE BANK LTD,
VKSBNK,VIKAS SAHAKARI BANK LTD SOLAPUR,
VMCBDC,Vita Merchant Co Op Bank Ltd,
VMNBNK,"Vasundhara Mahila Nagari Sahakari Bank Ltd, Ambajogai",
VNSBBR,THE VADALI NAGRIK SAHAKARI BANK LTD,
VNSBLK,The Vejalpur Nagrik Sahakari Bank LTD,
VSBANK,SHREE VARDHAMAN SAHKARI BANK LIMITED,
VSBNKL,VEERASHAIVA SAHAKARI BANK,
VSPCCB,THE DISTRICT COOPERATIVE CENTRAL BANK LIMITED,
VSVBNK,THE VSV COOPERATIVE BANK LTD,
VUCBKP,VALMIKI URBAN CO OP BANK LRD.PATHRI,
VUCBNK,The VAIDYANATH URBAN CO OPERATIVE BANK LTD,
VUVSBJ,THE VEPAR UDHYOG VIKAS SAHKARI BANK LTD JHALOD,
VVCCBK,THE VALLBH VIDYANAGAR COMMERICAL CO OP BANK LTD,
VVSBNK,VASAI VIKAS SAHAKARI BANK LTD,
WANABK,WANA NAGARIK SAHAKARI BANK LIMITED,
WASHIM,THE WASHIM URBAN COOPERATIVE BANK LTD. WASHIM,
WDCBNK,WAYANAD DISTRICT CO OPERATIVE BANK LTD,
WGLCCB,THE WARANGAL DISTRICT COOPERATIVE CENTRAL BANK LIMITED,
WMBSMS,STATE BANK OF INDIA,sbi_logo
WUCBKL,THE WASHIM URBAN COOPERATIVE BANK LTD. WASHIM,
WYDDCB,WAYANAD DISTRICT CO OPERATIVE BANK LTD,
YASHBK,Shri Yashwant Sahakari Bank Maryadit Kuditre(Kumbhi,
YDRVBK,Yadrav Co op Bank Ltd. Yadrav,
YESBCC,Yes Bank Ltd,yes_logo
YESBCM,Yes Bank Ltd,yes_logo
YESBNK,Yes Bank Ltd,yes_logo
YESPAY,Yes Bank Ltd,yes_logo
YUCBLY,THE YAVATMAL URBAN COOPERATIVE BANK,
ZPSBNK,The Amravati Zillha Parishad Shikshak Sahkari Bank Limited Amravati,
ZSAGRA,AGRA ZILA SAHKARI BANK LTD.,
ZSBGZB,ZILA SAHKARI BANK LTD GHAZIABAD,
ZSBJBK,ZILA SAHKARI BANK LTD.JHANSI,
ZSBMRT,zila sahkari bank ltd. meerut,
ZSBRMP,ZILA SHAKARI BANK RAMPUR,